onnx/cartpole.onnx,vnnlib/cartpole_case_unsafe_0.vnnlib,30
onnx/cartpole.onnx,vnnlib/cartpole_case_unsafe_1.vnnlib,30
onnx/cartpole.onnx,vnnlib/cartpole_case_unsafe_2.vnnlib,30
onnx/cartpole.onnx,vnnlib/cartpole_case_unsafe_3.vnnlib,30
onnx/cartpole.onnx,vnnlib/cartpole_case_unsafe_4.vnnlib,30
onnx/cartpole.onnx,vnnlib/cartpole_case_unsafe_5.vnnlib,30
onnx/cartpole.onnx,vnnlib/cartpole_case_unsafe_6.vnnlib,30
onnx/cartpole.onnx,vnnlib/cartpole_case_unsafe_7.vnnlib,30
onnx/cartpole.onnx,vnnlib/cartpole_case_unsafe_8.vnnlib,30
onnx/cartpole.onnx,vnnlib/cartpole_case_safe_9.vnnlib,30
onnx/cartpole.onnx,vnnlib/cartpole_case_unsafe_10.vnnlib,30
onnx/cartpole.onnx,vnnlib/cartpole_case_unsafe_11.vnnlib,30
onnx/cartpole.onnx,vnnlib/cartpole_case_unsafe_12.vnnlib,30
onnx/cartpole.onnx,vnnlib/cartpole_case_unsafe_13.vnnlib,30
onnx/cartpole.onnx,vnnlib/cartpole_case_safe_14.vnnlib,30
onnx/cartpole.onnx,vnnlib/cartpole_case_unsafe_15.vnnlib,30
onnx/cartpole.onnx,vnnlib/cartpole_case_unsafe_16.vnnlib,30
onnx/cartpole.onnx,vnnlib/cartpole_case_unsafe_17.vnnlib,30
onnx/cartpole.onnx,vnnlib/cartpole_case_unsafe_18.vnnlib,30
onnx/cartpole.onnx,vnnlib/cartpole_case_unsafe_19.vnnlib,30
onnx/cartpole.onnx,vnnlib/cartpole_case_unsafe_20.vnnlib,30
onnx/cartpole.onnx,vnnlib/cartpole_case_unsafe_21.vnnlib,30
onnx/cartpole.onnx,vnnlib/cartpole_case_unsafe_22.vnnlib,30
onnx/cartpole.onnx,vnnlib/cartpole_case_unsafe_23.vnnlib,30
onnx/cartpole.onnx,vnnlib/cartpole_case_unsafe_24.vnnlib,30
onnx/cartpole.onnx,vnnlib/cartpole_case_unsafe_25.vnnlib,30
onnx/cartpole.onnx,vnnlib/cartpole_case_unsafe_26.vnnlib,30
onnx/cartpole.onnx,vnnlib/cartpole_case_safe_27.vnnlib,30
onnx/cartpole.onnx,vnnlib/cartpole_case_unsafe_28.vnnlib,30
onnx/cartpole.onnx,vnnlib/cartpole_case_unsafe_29.vnnlib,30
onnx/cartpole.onnx,vnnlib/cartpole_case_unsafe_30.vnnlib,30
onnx/cartpole.onnx,vnnlib/cartpole_case_unsafe_31.vnnlib,30
onnx/cartpole.onnx,vnnlib/cartpole_case_unsafe_32.vnnlib,30
onnx/cartpole.onnx,vnnlib/cartpole_case_unsafe_33.vnnlib,30
onnx/cartpole.onnx,vnnlib/cartpole_case_unsafe_34.vnnlib,30
onnx/cartpole.onnx,vnnlib/cartpole_case_unsafe_35.vnnlib,30
onnx/cartpole.onnx,vnnlib/cartpole_case_unsafe_36.vnnlib,30
onnx/cartpole.onnx,vnnlib/cartpole_case_unsafe_37.vnnlib,30
onnx/cartpole.onnx,vnnlib/cartpole_case_unsafe_38.vnnlib,30
onnx/cartpole.onnx,vnnlib/cartpole_case_safe_39.vnnlib,30
onnx/cartpole.onnx,vnnlib/cartpole_case_unsafe_40.vnnlib,30
onnx/cartpole.onnx,vnnlib/cartpole_case_unsafe_41.vnnlib,30
onnx/cartpole.onnx,vnnlib/cartpole_case_unsafe_42.vnnlib,30
onnx/cartpole.onnx,vnnlib/cartpole_case_unsafe_43.vnnlib,30
onnx/cartpole.onnx,vnnlib/cartpole_case_unsafe_44.vnnlib,30
onnx/cartpole.onnx,vnnlib/cartpole_case_safe_45.vnnlib,30
onnx/cartpole.onnx,vnnlib/cartpole_case_safe_46.vnnlib,30
onnx/cartpole.onnx,vnnlib/cartpole_case_safe_47.vnnlib,30
onnx/cartpole.onnx,vnnlib/cartpole_case_safe_48.vnnlib,30
onnx/cartpole.onnx,vnnlib/cartpole_case_safe_49.vnnlib,30
onnx/cartpole.onnx,vnnlib/cartpole_case_safe_50.vnnlib,30
onnx/cartpole.onnx,vnnlib/cartpole_case_safe_51.vnnlib,30
onnx/cartpole.onnx,vnnlib/cartpole_case_safe_52.vnnlib,30
onnx/cartpole.onnx,vnnlib/cartpole_case_safe_53.vnnlib,30
onnx/cartpole.onnx,vnnlib/cartpole_case_safe_54.vnnlib,30
onnx/cartpole.onnx,vnnlib/cartpole_case_safe_55.vnnlib,30
onnx/cartpole.onnx,vnnlib/cartpole_case_safe_56.vnnlib,30
onnx/cartpole.onnx,vnnlib/cartpole_case_safe_57.vnnlib,30
onnx/cartpole.onnx,vnnlib/cartpole_case_safe_58.vnnlib,30
onnx/cartpole.onnx,vnnlib/cartpole_case_safe_59.vnnlib,30
onnx/cartpole.onnx,vnnlib/cartpole_case_safe_60.vnnlib,30
onnx/cartpole.onnx,vnnlib/cartpole_case_safe_61.vnnlib,30
onnx/cartpole.onnx,vnnlib/cartpole_case_safe_62.vnnlib,30
onnx/cartpole.onnx,vnnlib/cartpole_case_safe_63.vnnlib,30
onnx/cartpole.onnx,vnnlib/cartpole_case_safe_64.vnnlib,30
onnx/cartpole.onnx,vnnlib/cartpole_case_safe_65.vnnlib,30
onnx/cartpole.onnx,vnnlib/cartpole_case_safe_66.vnnlib,30
onnx/cartpole.onnx,vnnlib/cartpole_case_safe_67.vnnlib,30
onnx/cartpole.onnx,vnnlib/cartpole_case_safe_68.vnnlib,30
onnx/cartpole.onnx,vnnlib/cartpole_case_safe_69.vnnlib,30
onnx/cartpole.onnx,vnnlib/cartpole_case_safe_70.vnnlib,30
onnx/cartpole.onnx,vnnlib/cartpole_case_safe_71.vnnlib,30
onnx/cartpole.onnx,vnnlib/cartpole_case_safe_72.vnnlib,30
onnx/cartpole.onnx,vnnlib/cartpole_case_safe_73.vnnlib,30
onnx/cartpole.onnx,vnnlib/cartpole_case_safe_74.vnnlib,30
onnx/cartpole.onnx,vnnlib/cartpole_case_safe_75.vnnlib,30
onnx/cartpole.onnx,vnnlib/cartpole_case_safe_76.vnnlib,30
onnx/cartpole.onnx,vnnlib/cartpole_case_safe_77.vnnlib,30
onnx/cartpole.onnx,vnnlib/cartpole_case_safe_78.vnnlib,30
onnx/cartpole.onnx,vnnlib/cartpole_case_safe_79.vnnlib,30
onnx/cartpole.onnx,vnnlib/cartpole_case_safe_80.vnnlib,30
onnx/cartpole.onnx,vnnlib/cartpole_case_safe_81.vnnlib,30
onnx/cartpole.onnx,vnnlib/cartpole_case_safe_82.vnnlib,30
onnx/cartpole.onnx,vnnlib/cartpole_case_safe_83.vnnlib,30
onnx/cartpole.onnx,vnnlib/cartpole_case_safe_84.vnnlib,30
onnx/cartpole.onnx,vnnlib/cartpole_case_safe_85.vnnlib,30
onnx/cartpole.onnx,vnnlib/cartpole_case_safe_86.vnnlib,30
onnx/cartpole.onnx,vnnlib/cartpole_case_safe_87.vnnlib,30
onnx/cartpole.onnx,vnnlib/cartpole_case_safe_88.vnnlib,30
onnx/cartpole.onnx,vnnlib/cartpole_case_safe_89.vnnlib,30
onnx/cartpole.onnx,vnnlib/cartpole_case_safe_90.vnnlib,30
onnx/cartpole.onnx,vnnlib/cartpole_case_safe_91.vnnlib,30
onnx/cartpole.onnx,vnnlib/cartpole_case_safe_92.vnnlib,30
onnx/cartpole.onnx,vnnlib/cartpole_case_safe_93.vnnlib,30
onnx/cartpole.onnx,vnnlib/cartpole_case_safe_94.vnnlib,30
onnx/cartpole.onnx,vnnlib/cartpole_case_safe_95.vnnlib,30
onnx/cartpole.onnx,vnnlib/cartpole_case_safe_96.vnnlib,30
onnx/cartpole.onnx,vnnlib/cartpole_case_safe_97.vnnlib,30
onnx/cartpole.onnx,vnnlib/cartpole_case_safe_98.vnnlib,30
onnx/cartpole.onnx,vnnlib/cartpole_case_safe_99.vnnlib,30
onnx/lunarlander.onnx,vnnlib/lunarlander_case_safe_0.vnnlib,125
onnx/lunarlander.onnx,vnnlib/lunarlander_case_safe_1.vnnlib,88
onnx/lunarlander.onnx,vnnlib/lunarlander_case_safe_2.vnnlib,122
onnx/lunarlander.onnx,vnnlib/lunarlander_case_unsafe_3.vnnlib,81
onnx/lunarlander.onnx,vnnlib/lunarlander_case_unsafe_4.vnnlib,100
onnx/lunarlander.onnx,vnnlib/lunarlander_case_safe_5.vnnlib,30
onnx/lunarlander.onnx,vnnlib/lunarlander_case_safe_6.vnnlib,75
onnx/lunarlander.onnx,vnnlib/lunarlander_case_safe_7.vnnlib,36
onnx/lunarlander.onnx,vnnlib/lunarlander_case_safe_8.vnnlib,36
onnx/lunarlander.onnx,vnnlib/lunarlander_case_safe_9.vnnlib,45
onnx/lunarlander.onnx,vnnlib/lunarlander_case_safe_10.vnnlib,30
onnx/lunarlander.onnx,vnnlib/lunarlander_case_safe_11.vnnlib,30
onnx/lunarlander.onnx,vnnlib/lunarlander_case_safe_12.vnnlib,30
onnx/lunarlander.onnx,vnnlib/lunarlander_case_safe_13.vnnlib,30
onnx/lunarlander.onnx,vnnlib/lunarlander_case_safe_14.vnnlib,30
onnx/lunarlander.onnx,vnnlib/lunarlander_case_safe_15.vnnlib,37
onnx/lunarlander.onnx,vnnlib/lunarlander_case_unsafe_16.vnnlib,30
onnx/lunarlander.onnx,vnnlib/lunarlander_case_safe_17.vnnlib,30
onnx/lunarlander.onnx,vnnlib/lunarlander_case_safe_18.vnnlib,39
onnx/lunarlander.onnx,vnnlib/lunarlander_case_safe_19.vnnlib,30
onnx/lunarlander.onnx,vnnlib/lunarlander_case_unsafe_20.vnnlib,34
onnx/lunarlander.onnx,vnnlib/lunarlander_case_safe_21.vnnlib,30
onnx/lunarlander.onnx,vnnlib/lunarlander_case_safe_22.vnnlib,30
onnx/lunarlander.onnx,vnnlib/lunarlander_case_safe_23.vnnlib,30
onnx/lunarlander.onnx,vnnlib/lunarlander_case_safe_24.vnnlib,34
onnx/lunarlander.onnx,vnnlib/lunarlander_case_safe_25.vnnlib,30
onnx/lunarlander.onnx,vnnlib/lunarlander_case_safe_26.vnnlib,30
onnx/lunarlander.onnx,vnnlib/lunarlander_case_safe_27.vnnlib,30
onnx/lunarlander.onnx,vnnlib/lunarlander_case_unsafe_28.vnnlib,30
onnx/lunarlander.onnx,vnnlib/lunarlander_case_safe_29.vnnlib,30
onnx/lunarlander.onnx,vnnlib/lunarlander_case_safe_30.vnnlib,30
onnx/lunarlander.onnx,vnnlib/lunarlander_case_safe_31.vnnlib,30
onnx/lunarlander.onnx,vnnlib/lunarlander_case_safe_32.vnnlib,30
onnx/lunarlander.onnx,vnnlib/lunarlander_case_safe_33.vnnlib,30
onnx/lunarlander.onnx,vnnlib/lunarlander_case_safe_34.vnnlib,30
onnx/lunarlander.onnx,vnnlib/lunarlander_case_unsafe_35.vnnlib,30
onnx/lunarlander.onnx,vnnlib/lunarlander_case_safe_36.vnnlib,30
onnx/lunarlander.onnx,vnnlib/lunarlander_case_safe_37.vnnlib,30
onnx/lunarlander.onnx,vnnlib/lunarlander_case_safe_38.vnnlib,30
onnx/lunarlander.onnx,vnnlib/lunarlander_case_safe_39.vnnlib,30
onnx/lunarlander.onnx,vnnlib/lunarlander_case_safe_40.vnnlib,30
onnx/lunarlander.onnx,vnnlib/lunarlander_case_safe_41.vnnlib,30
onnx/lunarlander.onnx,vnnlib/lunarlander_case_safe_42.vnnlib,30
onnx/lunarlander.onnx,vnnlib/lunarlander_case_safe_43.vnnlib,30
onnx/lunarlander.onnx,vnnlib/lunarlander_case_safe_44.vnnlib,30
onnx/lunarlander.onnx,vnnlib/lunarlander_case_unsafe_45.vnnlib,30
onnx/lunarlander.onnx,vnnlib/lunarlander_case_safe_46.vnnlib,30
onnx/lunarlander.onnx,vnnlib/lunarlander_case_safe_47.vnnlib,30
onnx/lunarlander.onnx,vnnlib/lunarlander_case_safe_48.vnnlib,30
onnx/lunarlander.onnx,vnnlib/lunarlander_case_safe_49.vnnlib,30
onnx/lunarlander.onnx,vnnlib/lunarlander_case_safe_50.vnnlib,30
onnx/lunarlander.onnx,vnnlib/lunarlander_case_unsafe_51.vnnlib,30
onnx/lunarlander.onnx,vnnlib/lunarlander_case_safe_52.vnnlib,30
onnx/lunarlander.onnx,vnnlib/lunarlander_case_safe_53.vnnlib,30
onnx/lunarlander.onnx,vnnlib/lunarlander_case_unsafe_54.vnnlib,30
onnx/lunarlander.onnx,vnnlib/lunarlander_case_safe_55.vnnlib,30
onnx/lunarlander.onnx,vnnlib/lunarlander_case_safe_56.vnnlib,30
onnx/lunarlander.onnx,vnnlib/lunarlander_case_safe_57.vnnlib,30
onnx/lunarlander.onnx,vnnlib/lunarlander_case_safe_58.vnnlib,30
onnx/lunarlander.onnx,vnnlib/lunarlander_case_safe_59.vnnlib,30
onnx/lunarlander.onnx,vnnlib/lunarlander_case_safe_60.vnnlib,30
onnx/lunarlander.onnx,vnnlib/lunarlander_case_unsafe_61.vnnlib,30
onnx/lunarlander.onnx,vnnlib/lunarlander_case_safe_62.vnnlib,30
onnx/lunarlander.onnx,vnnlib/lunarlander_case_safe_63.vnnlib,30
onnx/lunarlander.onnx,vnnlib/lunarlander_case_unsafe_64.vnnlib,30
onnx/lunarlander.onnx,vnnlib/lunarlander_case_unsafe_65.vnnlib,30
onnx/lunarlander.onnx,vnnlib/lunarlander_case_safe_66.vnnlib,30
onnx/lunarlander.onnx,vnnlib/lunarlander_case_unsafe_67.vnnlib,30
onnx/lunarlander.onnx,vnnlib/lunarlander_case_safe_68.vnnlib,30
onnx/lunarlander.onnx,vnnlib/lunarlander_case_unsafe_69.vnnlib,30
onnx/lunarlander.onnx,vnnlib/lunarlander_case_unsafe_70.vnnlib,30
onnx/lunarlander.onnx,vnnlib/lunarlander_case_safe_71.vnnlib,30
onnx/lunarlander.onnx,vnnlib/lunarlander_case_unsafe_72.vnnlib,30
onnx/lunarlander.onnx,vnnlib/lunarlander_case_unsafe_73.vnnlib,30
onnx/lunarlander.onnx,vnnlib/lunarlander_case_safe_74.vnnlib,30
onnx/lunarlander.onnx,vnnlib/lunarlander_case_unsafe_75.vnnlib,30
onnx/lunarlander.onnx,vnnlib/lunarlander_case_unsafe_76.vnnlib,30
onnx/lunarlander.onnx,vnnlib/lunarlander_case_safe_77.vnnlib,30
onnx/lunarlander.onnx,vnnlib/lunarlander_case_unsafe_78.vnnlib,30
onnx/lunarlander.onnx,vnnlib/lunarlander_case_safe_79.vnnlib,30
onnx/lunarlander.onnx,vnnlib/lunarlander_case_safe_80.vnnlib,30
onnx/lunarlander.onnx,vnnlib/lunarlander_case_safe_81.vnnlib,30
onnx/lunarlander.onnx,vnnlib/lunarlander_case_unsafe_82.vnnlib,30
onnx/lunarlander.onnx,vnnlib/lunarlander_case_safe_83.vnnlib,30
onnx/lunarlander.onnx,vnnlib/lunarlander_case_unsafe_84.vnnlib,30
onnx/lunarlander.onnx,vnnlib/lunarlander_case_unsafe_85.vnnlib,30
onnx/lunarlander.onnx,vnnlib/lunarlander_case_safe_86.vnnlib,30
onnx/lunarlander.onnx,vnnlib/lunarlander_case_safe_87.vnnlib,30
onnx/lunarlander.onnx,vnnlib/lunarlander_case_safe_88.vnnlib,30
onnx/lunarlander.onnx,vnnlib/lunarlander_case_safe_89.vnnlib,30
onnx/lunarlander.onnx,vnnlib/lunarlander_case_unsafe_90.vnnlib,30
onnx/lunarlander.onnx,vnnlib/lunarlander_case_unsafe_91.vnnlib,30
onnx/lunarlander.onnx,vnnlib/lunarlander_case_unsafe_92.vnnlib,30
onnx/lunarlander.onnx,vnnlib/lunarlander_case_unsafe_93.vnnlib,30
onnx/lunarlander.onnx,vnnlib/lunarlander_case_unsafe_94.vnnlib,30
onnx/lunarlander.onnx,vnnlib/lunarlander_case_unsafe_95.vnnlib,30
onnx/lunarlander.onnx,vnnlib/lunarlander_case_unsafe_96.vnnlib,30
onnx/lunarlander.onnx,vnnlib/lunarlander_case_unsafe_97.vnnlib,30
onnx/lunarlander.onnx,vnnlib/lunarlander_case_unsafe_98.vnnlib,30
onnx/lunarlander.onnx,vnnlib/lunarlander_case_unsafe_99.vnnlib,30
onnx/dubinsrejoin.onnx,vnnlib/dubinsrejoin_case_safe_0.vnnlib,537
onnx/dubinsrejoin.onnx,vnnlib/dubinsrejoin_case_safe_1.vnnlib,835
onnx/dubinsrejoin.onnx,vnnlib/dubinsrejoin_case_unsafe_2.vnnlib,373
onnx/dubinsrejoin.onnx,vnnlib/dubinsrejoin_case_safe_3.vnnlib,871
onnx/dubinsrejoin.onnx,vnnlib/dubinsrejoin_case_unsafe_4.vnnlib,418
onnx/dubinsrejoin.onnx,vnnlib/dubinsrejoin_case_unsafe_5.vnnlib,889
onnx/dubinsrejoin.onnx,vnnlib/dubinsrejoin_case_safe_6.vnnlib,85
onnx/dubinsrejoin.onnx,vnnlib/dubinsrejoin_case_unsafe_7.vnnlib,326
onnx/dubinsrejoin.onnx,vnnlib/dubinsrejoin_case_unsafe_8.vnnlib,206
onnx/dubinsrejoin.onnx,vnnlib/dubinsrejoin_case_unsafe_9.vnnlib,365
onnx/dubinsrejoin.onnx,vnnlib/dubinsrejoin_case_safe_10.vnnlib,69
onnx/dubinsrejoin.onnx,vnnlib/dubinsrejoin_case_unsafe_11.vnnlib,40
onnx/dubinsrejoin.onnx,vnnlib/dubinsrejoin_case_safe_12.vnnlib,95
onnx/dubinsrejoin.onnx,vnnlib/dubinsrejoin_case_safe_13.vnnlib,136
onnx/dubinsrejoin.onnx,vnnlib/dubinsrejoin_case_safe_14.vnnlib,217
onnx/dubinsrejoin.onnx,vnnlib/dubinsrejoin_case_safe_15.vnnlib,63
onnx/dubinsrejoin.onnx,vnnlib/dubinsrejoin_case_safe_16.vnnlib,86
onnx/dubinsrejoin.onnx,vnnlib/dubinsrejoin_case_safe_17.vnnlib,35
onnx/dubinsrejoin.onnx,vnnlib/dubinsrejoin_case_unsafe_18.vnnlib,65
onnx/dubinsrejoin.onnx,vnnlib/dubinsrejoin_case_unsafe_19.vnnlib,46
onnx/dubinsrejoin.onnx,vnnlib/dubinsrejoin_case_unsafe_20.vnnlib,30
onnx/dubinsrejoin.onnx,vnnlib/dubinsrejoin_case_unsafe_21.vnnlib,97
onnx/dubinsrejoin.onnx,vnnlib/dubinsrejoin_case_unsafe_22.vnnlib,30
onnx/dubinsrejoin.onnx,vnnlib/dubinsrejoin_case_unsafe_23.vnnlib,61
onnx/dubinsrejoin.onnx,vnnlib/dubinsrejoin_case_unsafe_24.vnnlib,30
onnx/dubinsrejoin.onnx,vnnlib/dubinsrejoin_case_unsafe_25.vnnlib,30
onnx/dubinsrejoin.onnx,vnnlib/dubinsrejoin_case_unsafe_26.vnnlib,30
onnx/dubinsrejoin.onnx,vnnlib/dubinsrejoin_case_unsafe_27.vnnlib,34
onnx/dubinsrejoin.onnx,vnnlib/dubinsrejoin_case_unsafe_28.vnnlib,51
onnx/dubinsrejoin.onnx,vnnlib/dubinsrejoin_case_unsafe_29.vnnlib,37
onnx/dubinsrejoin.onnx,vnnlib/dubinsrejoin_case_unsafe_30.vnnlib,30
onnx/dubinsrejoin.onnx,vnnlib/dubinsrejoin_case_unsafe_31.vnnlib,30
onnx/dubinsrejoin.onnx,vnnlib/dubinsrejoin_case_unsafe_32.vnnlib,30
onnx/dubinsrejoin.onnx,vnnlib/dubinsrejoin_case_unsafe_33.vnnlib,30
onnx/dubinsrejoin.onnx,vnnlib/dubinsrejoin_case_unsafe_34.vnnlib,30
onnx/dubinsrejoin.onnx,vnnlib/dubinsrejoin_case_unsafe_35.vnnlib,30
onnx/dubinsrejoin.onnx,vnnlib/dubinsrejoin_case_unsafe_36.vnnlib,30
onnx/dubinsrejoin.onnx,vnnlib/dubinsrejoin_case_unsafe_37.vnnlib,30
onnx/dubinsrejoin.onnx,vnnlib/dubinsrejoin_case_unsafe_38.vnnlib,30
onnx/dubinsrejoin.onnx,vnnlib/dubinsrejoin_case_unsafe_39.vnnlib,30
onnx/dubinsrejoin.onnx,vnnlib/dubinsrejoin_case_unsafe_40.vnnlib,30
onnx/dubinsrejoin.onnx,vnnlib/dubinsrejoin_case_unsafe_41.vnnlib,30
onnx/dubinsrejoin.onnx,vnnlib/dubinsrejoin_case_unsafe_42.vnnlib,30
onnx/dubinsrejoin.onnx,vnnlib/dubinsrejoin_case_unsafe_43.vnnlib,30
onnx/dubinsrejoin.onnx,vnnlib/dubinsrejoin_case_unsafe_44.vnnlib,30
onnx/dubinsrejoin.onnx,vnnlib/dubinsrejoin_case_unsafe_45.vnnlib,30
onnx/dubinsrejoin.onnx,vnnlib/dubinsrejoin_case_unsafe_46.vnnlib,30
onnx/dubinsrejoin.onnx,vnnlib/dubinsrejoin_case_unsafe_47.vnnlib,30
onnx/dubinsrejoin.onnx,vnnlib/dubinsrejoin_case_unsafe_48.vnnlib,30
onnx/dubinsrejoin.onnx,vnnlib/dubinsrejoin_case_unsafe_49.vnnlib,30
onnx/dubinsrejoin.onnx,vnnlib/dubinsrejoin_case_unsafe_50.vnnlib,30
onnx/dubinsrejoin.onnx,vnnlib/dubinsrejoin_case_unsafe_51.vnnlib,30
onnx/dubinsrejoin.onnx,vnnlib/dubinsrejoin_case_unsafe_52.vnnlib,30
onnx/dubinsrejoin.onnx,vnnlib/dubinsrejoin_case_unsafe_53.vnnlib,30
onnx/dubinsrejoin.onnx,vnnlib/dubinsrejoin_case_unsafe_54.vnnlib,30
onnx/dubinsrejoin.onnx,vnnlib/dubinsrejoin_case_unsafe_55.vnnlib,30
onnx/dubinsrejoin.onnx,vnnlib/dubinsrejoin_case_unsafe_56.vnnlib,30
onnx/dubinsrejoin.onnx,vnnlib/dubinsrejoin_case_unsafe_57.vnnlib,30
onnx/dubinsrejoin.onnx,vnnlib/dubinsrejoin_case_unsafe_58.vnnlib,30
onnx/dubinsrejoin.onnx,vnnlib/dubinsrejoin_case_unsafe_59.vnnlib,30
onnx/dubinsrejoin.onnx,vnnlib/dubinsrejoin_case_unsafe_60.vnnlib,30
onnx/dubinsrejoin.onnx,vnnlib/dubinsrejoin_case_unsafe_61.vnnlib,30
onnx/dubinsrejoin.onnx,vnnlib/dubinsrejoin_case_unsafe_62.vnnlib,30
onnx/dubinsrejoin.onnx,vnnlib/dubinsrejoin_case_unsafe_63.vnnlib,30
onnx/dubinsrejoin.onnx,vnnlib/dubinsrejoin_case_unsafe_64.vnnlib,30
onnx/dubinsrejoin.onnx,vnnlib/dubinsrejoin_case_unsafe_65.vnnlib,30
onnx/dubinsrejoin.onnx,vnnlib/dubinsrejoin_case_unsafe_66.vnnlib,30
onnx/dubinsrejoin.onnx,vnnlib/dubinsrejoin_case_unsafe_67.vnnlib,30
onnx/dubinsrejoin.onnx,vnnlib/dubinsrejoin_case_unsafe_68.vnnlib,30
onnx/dubinsrejoin.onnx,vnnlib/dubinsrejoin_case_unsafe_69.vnnlib,30
onnx/dubinsrejoin.onnx,vnnlib/dubinsrejoin_case_unsafe_70.vnnlib,30
onnx/dubinsrejoin.onnx,vnnlib/dubinsrejoin_case_unsafe_71.vnnlib,30
onnx/dubinsrejoin.onnx,vnnlib/dubinsrejoin_case_unsafe_72.vnnlib,30
onnx/dubinsrejoin.onnx,vnnlib/dubinsrejoin_case_unsafe_73.vnnlib,30
onnx/dubinsrejoin.onnx,vnnlib/dubinsrejoin_case_unsafe_74.vnnlib,30
onnx/dubinsrejoin.onnx,vnnlib/dubinsrejoin_case_unsafe_75.vnnlib,30
onnx/dubinsrejoin.onnx,vnnlib/dubinsrejoin_case_unsafe_76.vnnlib,30
onnx/dubinsrejoin.onnx,vnnlib/dubinsrejoin_case_unsafe_77.vnnlib,30
onnx/dubinsrejoin.onnx,vnnlib/dubinsrejoin_case_unsafe_78.vnnlib,30
onnx/dubinsrejoin.onnx,vnnlib/dubinsrejoin_case_unsafe_79.vnnlib,30
onnx/dubinsrejoin.onnx,vnnlib/dubinsrejoin_case_unsafe_80.vnnlib,30
onnx/dubinsrejoin.onnx,vnnlib/dubinsrejoin_case_unsafe_81.vnnlib,30
onnx/dubinsrejoin.onnx,vnnlib/dubinsrejoin_case_unsafe_82.vnnlib,30
onnx/dubinsrejoin.onnx,vnnlib/dubinsrejoin_case_unsafe_83.vnnlib,30
onnx/dubinsrejoin.onnx,vnnlib/dubinsrejoin_case_unsafe_84.vnnlib,30
onnx/dubinsrejoin.onnx,vnnlib/dubinsrejoin_case_unsafe_85.vnnlib,30
onnx/dubinsrejoin.onnx,vnnlib/dubinsrejoin_case_unsafe_86.vnnlib,30
onnx/dubinsrejoin.onnx,vnnlib/dubinsrejoin_case_unsafe_87.vnnlib,30
onnx/dubinsrejoin.onnx,vnnlib/dubinsrejoin_case_unsafe_88.vnnlib,30
onnx/dubinsrejoin.onnx,vnnlib/dubinsrejoin_case_unsafe_89.vnnlib,30
onnx/dubinsrejoin.onnx,vnnlib/dubinsrejoin_case_unsafe_90.vnnlib,30
onnx/dubinsrejoin.onnx,vnnlib/dubinsrejoin_case_unsafe_91.vnnlib,30
onnx/dubinsrejoin.onnx,vnnlib/dubinsrejoin_case_unsafe_92.vnnlib,30
onnx/dubinsrejoin.onnx,vnnlib/dubinsrejoin_case_unsafe_93.vnnlib,30
onnx/dubinsrejoin.onnx,vnnlib/dubinsrejoin_case_unsafe_94.vnnlib,30
onnx/dubinsrejoin.onnx,vnnlib/dubinsrejoin_case_unsafe_95.vnnlib,30
