deep_6_ipq_parsed_delta_0.1_sample_index_7732,unsat,0,0,0,0,0
deep_6_ipq_parsed_delta_0.1_sample_index_7733,unsat,0,0,0,0,0
deep_6_ipq_parsed_delta_0.1_sample_index_7734,unsat,5,0,5,142,5000
deep_6_ipq_parsed_delta_0.1_sample_index_7735,unsat,0,0,0,0,0
deep_6_ipq_parsed_delta_0.1_sample_index_7736,unsat,0,0,0,0,0
deep_6_ipq_parsed_delta_0.1_sample_index_7737,unsat,0,0,0,0,0
deep_6_ipq_parsed_delta_0.1_sample_index_7738,sat,14,9,14,151,5000
deep_6_ipq_parsed_delta_0.1_sample_index_7739,unsat,0,0,0,0,0
deep_6_ipq_parsed_delta_0.1_sample_index_7740,unsat,0,0,0,0,0
deep_6_ipq_parsed_delta_0.1_sample_index_7741,unsat,0,0,0,0,0
deep_6_ipq_parsed_delta_0.1_sample_index_7742,unsat,0,0,0,0,0
deep_6_ipq_parsed_delta_0.1_sample_index_7743,unsat,2,0,2,77,2
deep_6_ipq_parsed_delta_0.1_sample_index_7744,unsat,0,0,0,64,0
deep_6_ipq_parsed_delta_0.1_sample_index_7745,unsat,0,0,0,0,0
deep_6_ipq_parsed_delta_0.1_sample_index_7746,unsat,11,6,13,143,5000
deep_6_ipq_parsed_delta_0.1_sample_index_7747,unsat,0,0,0,59,0
deep_6_ipq_parsed_delta_0.1_sample_index_7748,unsat,2,0,2,79,2
deep_6_ipq_parsed_delta_0.1_sample_index_7749,unsat,0,0,0,0,0
deep_6_ipq_parsed_delta_0.1_sample_index_7750,unsat,0,0,0,0,0
deep_6_ipq_parsed_delta_0.1_sample_index_7751,unsat,0,0,0,0,0
deep_6_ipq_parsed_delta_0.1_sample_index_7752,unsat,2,0,2,62,2
deep_6_ipq_parsed_delta_0.1_sample_index_7753,unsat,2,0,2,65,3
deep_6_ipq_parsed_delta_0.1_sample_index_7754,unsat,4,0,4,106,5000
deep_6_ipq_parsed_delta_0.1_sample_index_7755,unsat,0,0,0,0,0
deep_6_ipq_parsed_delta_0.1_sample_index_7756,unsat,0,0,0,0,0
deep_6_ipq_parsed_delta_0.1_sample_index_7757,unsat,3,3,3,102,3
deep_6_ipq_parsed_delta_0.1_sample_index_7758,unsat,0,0,0,0,0
deep_6_ipq_parsed_delta_0.1_sample_index_7759,unsat,0,0,0,0,0
deep_6_ipq_parsed_delta_0.1_sample_index_7760,unsat,3,0,3,94,3
deep_6_ipq_parsed_delta_0.1_sample_index_7761,unsat,0,0,0,0,0
deep_6_ipq_parsed_delta_0.1_sample_index_7762,unsat,0,0,0,0,0
deep_6_ipq_parsed_delta_0.1_sample_index_7763,unsat,0,0,0,0,0
deep_6_ipq_parsed_delta_0.1_sample_index_7764,unsat,0,0,0,0,0
deep_6_ipq_parsed_delta_0.1_sample_index_7765,unsat,0,0,0,0,0
deep_6_ipq_parsed_delta_0.1_sample_index_7766,unsat,0,0,0,65,0
deep_6_ipq_parsed_delta_0.1_sample_index_7767,unsat,0,0,0,0,0
deep_6_ipq_parsed_delta_0.1_sample_index_7768,unsat,3,0,3,78,4
deep_6_ipq_parsed_delta_0.1_sample_index_7769,unsat,0,0,0,0,0
deep_6_ipq_parsed_delta_0.1_sample_index_7770,unsat,2,2,2,71,5
deep_6_ipq_parsed_delta_0.1_sample_index_7771,unsat,0,0,0,0,0
deep_6_ipq_parsed_delta_0.1_sample_index_7772,unsat,0,0,0,0,0
deep_6_ipq_parsed_delta_0.1_sample_index_7773,unsat,0,0,0,0,0
deep_6_ipq_parsed_delta_0.1_sample_index_7774,unsat,0,0,0,0,0
deep_6_ipq_parsed_delta_0.1_sample_index_7775,unsat,0,0,0,0,0
deep_6_ipq_parsed_delta_0.1_sample_index_7776,unsat,0,0,0,0,0
deep_6_ipq_parsed_delta_0.1_sample_index_7777,unsat,0,0,0,0,0
deep_6_ipq_parsed_delta_0.1_sample_index_7778,unsat,0,0,0,0,0
deep_6_ipq_parsed_delta_0.1_sample_index_7779,unsat,3,0,3,79,6
deep_6_ipq_parsed_delta_0.1_sample_index_7780,unsat,0,0,0,0,0
deep_6_ipq_parsed_delta_0.1_sample_index_7781,unsat,0,0,0,0,0
deep_6_ipq_parsed_delta_0.15_sample_index_2070,sat,5,3,5,92,8
deep_6_ipq_parsed_delta_0.15_sample_index_2071,unsat,7,3,8,154,8
deep_6_ipq_parsed_delta_0.15_sample_index_2072,unsat,0,0,0,0,0
deep_6_ipq_parsed_delta_0.15_sample_index_2073,unsat,5,0,5,136,5000
deep_6_ipq_parsed_delta_0.15_sample_index_2074,unsat,0,0,0,65,0
deep_6_ipq_parsed_delta_0.15_sample_index_2075,unsat,24,18,24,166,5000
deep_6_ipq_parsed_delta_0.15_sample_index_2076,unsat,0,0,0,0,0
deep_6_ipq_parsed_delta_0.15_sample_index_2077,unsat,2,0,2,74,2
deep_6_ipq_parsed_delta_0.15_sample_index_2078,unsat,0,0,0,0,0
deep_6_ipq_parsed_delta_0.15_sample_index_2079,unsat,0,0,0,0,0
deep_6_ipq_parsed_delta_0.15_sample_index_2080,unsat,5,4,5,132,1119
deep_6_ipq_parsed_delta_0.15_sample_index_2081,unsat,0,0,0,0,0
deep_6_ipq_parsed_delta_0.15_sample_index_2082,unsat,0,0,0,0,0
deep_6_ipq_parsed_delta_0.15_sample_index_2083,unsat,0,0,0,0,0
deep_6_ipq_parsed_delta_0.15_sample_index_2084,unsat,0,0,0,0,0
deep_6_ipq_parsed_delta_0.15_sample_index_2085,unsat,0,0,0,0,0
deep_6_ipq_parsed_delta_0.15_sample_index_2086,unsat,2,1,2,83,2
deep_6_ipq_parsed_delta_0.15_sample_index_2087,unsat,0,0,0,0,0
deep_6_ipq_parsed_delta_0.15_sample_index_2088,unsat,0,0,0,67,0
deep_6_ipq_parsed_delta_0.15_sample_index_2089,unsat,0,0,0,0,0
deep_6_ipq_parsed_delta_0.15_sample_index_2090,unsat,0,0,0,62,0
deep_6_ipq_parsed_delta_0.15_sample_index_2091,unsat,0,0,0,0,0
deep_6_ipq_parsed_delta_0.15_sample_index_2092,unsat,3,0,3,105,3
deep_6_ipq_parsed_delta_0.15_sample_index_2093,unsat,5,3,5,90,7
deep_6_ipq_parsed_delta_0.15_sample_index_2094,unsat,4,0,4,108,6
deep_6_ipq_parsed_delta_0.15_sample_index_2095,unsat,1,1,1,67,1
deep_6_ipq_parsed_delta_0.15_sample_index_2096,unsat,2,0,2,73,5
deep_6_ipq_parsed_delta_0.15_sample_index_2097,unsat,11,4,11,134,5000
deep_6_ipq_parsed_delta_0.15_sample_index_2099,sat,12,2,11,168,4764
deep_6_ipq_parsed_delta_0.15_sample_index_2100,unsat,2,0,3,76,6
deep_6_ipq_parsed_delta_0.15_sample_index_2101,unsat,0,0,0,0,0
deep_6_ipq_parsed_delta_0.15_sample_index_2102,unsat,3,0,3,80,4
deep_6_ipq_parsed_delta_0.15_sample_index_2103,unsat,2,0,2,65,5
deep_6_ipq_parsed_delta_0.15_sample_index_2104,unsat,8,4,8,112,9
deep_6_ipq_parsed_delta_0.15_sample_index_2105,sat,10,4,10,161,4110
deep_6_ipq_parsed_delta_0.15_sample_index_2106,unsat,9,5,8,161,5000
deep_6_ipq_parsed_delta_0.15_sample_index_2108,unsat,0,0,0,0,0
deep_6_ipq_parsed_delta_0.15_sample_index_2111,unsat,4,2,4,77,5
deep_6_ipq_parsed_delta_0.15_sample_index_2112,unsat,0,0,0,0,0
deep_6_ipq_parsed_delta_0.15_sample_index_2113,unsat,7,2,7,105,1502
deep_6_ipq_parsed_delta_0.15_sample_index_2114,unsat,14,9,14,159,5000
deep_6_ipq_parsed_delta_0.15_sample_index_2116,unsat,0,0,0,0,0
deep_6_ipq_parsed_delta_0.15_sample_index_2117,unsat,0,0,0,68,0
deep_6_ipq_parsed_delta_0.15_sample_index_2119,unsat,2,0,2,64,5
deep_6_ipq_parsed_delta_0.15_sample_index_2120,unsat,5,1,5,124,5000
deep_6_ipq_parsed_delta_0.15_sample_index_2122,unsat,0,0,0,0,0
deep_6_ipq_parsed_delta_0.15_sample_index_2124,unsat,0,0,0,66,0
deep_6_ipq_parsed_delta_0.15_sample_index_2125,unsat,2,0,3,74,4
deep_6_ipq_parsed_delta_0.15_sample_index_2126,unsat,0,0,0,0,0
deep_6_ipq_parsed_delta_0.15_sample_index_2127,unsat,2,0,2,62,5
deep_6_ipq_parsed_delta_0.2_sample_index_5523,unsat,12,6,12,163,5000
deep_6_ipq_parsed_delta_0.2_sample_index_5524,unsat,3,1,5,92,5
deep_6_ipq_parsed_delta_0.2_sample_index_5525,unsat,2,1,2,86,2
deep_6_ipq_parsed_delta_0.2_sample_index_5526,unsat,6,4,6,104,6
deep_6_ipq_parsed_delta_0.2_sample_index_5527,unsat,4,1,4,123,5
deep_6_ipq_parsed_delta_0.2_sample_index_5528,unsat,6,3,5,106,16
deep_6_ipq_parsed_delta_0.2_sample_index_5529,unsat,0,0,0,71,0
deep_6_ipq_parsed_delta_0.2_sample_index_5530,unsat,0,0,0,0,0
deep_6_ipq_parsed_delta_0.2_sample_index_5531,unsat,0,0,0,0,0
deep_6_ipq_parsed_delta_0.2_sample_index_5533,unsat,8,4,8,121,196
deep_6_ipq_parsed_delta_0.2_sample_index_5534,unsat,0,0,0,0,0
deep_6_ipq_parsed_delta_0.2_sample_index_5535,unsat,0,0,0,0,0
deep_6_ipq_parsed_delta_0.2_sample_index_5536,unsat,0,0,0,0,0
deep_6_ipq_parsed_delta_0.2_sample_index_5537,unsat,3,0,3,92,3
deep_6_ipq_parsed_delta_0.2_sample_index_5538,unsat,0,0,0,0,0
deep_6_ipq_parsed_delta_0.2_sample_index_5539,unsat,4,0,4,123,5000
deep_6_ipq_parsed_delta_0.2_sample_index_5540,unsat,4,2,4,129,6
deep_6_ipq_parsed_delta_0.2_sample_index_5541,unsat,0,0,0,0,0
deep_6_ipq_parsed_delta_0.2_sample_index_5542,unsat,4,0,4,116,4
deep_6_ipq_parsed_delta_0.2_sample_index_5543,unsat,9,6,9,89,5
deep_6_ipq_parsed_delta_0.2_sample_index_5544,unsat,2,0,2,66,2
deep_6_ipq_parsed_delta_0.2_sample_index_5545,unsat,0,0,0,0,0
deep_6_ipq_parsed_delta_0.2_sample_index_5546,unsat,15,10,22,159,5000
deep_6_ipq_parsed_delta_0.2_sample_index_5547,sat,44,10,44,170,1468
deep_6_ipq_parsed_delta_0.2_sample_index_5548,unsat,3,1,5,100,7
deep_6_ipq_parsed_delta_0.2_sample_index_5549,unsat,0,0,0,77,0
deep_6_ipq_parsed_delta_0.2_sample_index_5550,unsat,0,0,0,0,0
deep_6_ipq_parsed_delta_0.2_sample_index_5551,unsat,4,2,4,82,3
deep_6_ipq_parsed_delta_0.2_sample_index_5552,unsat,2,0,2,69,2
deep_6_ipq_parsed_delta_0.2_sample_index_5553,unsat,0,0,0,0,0
deep_6_ipq_parsed_delta_0.2_sample_index_5554,unsat,4,1,3,102,5
deep_6_ipq_parsed_delta_0.2_sample_index_5555,unsat,0,0,0,0,0
deep_6_ipq_parsed_delta_0.2_sample_index_5556,unsat,0,0,0,74,0
deep_6_ipq_parsed_delta_0.2_sample_index_5558,unsat,0,0,0,0,0
deep_6_ipq_parsed_delta_0.2_sample_index_5559,unsat,0,0,0,81,0
deep_6_ipq_parsed_delta_0.2_sample_index_5560,sat,36,28,44,243,5000
deep_6_ipq_parsed_delta_0.2_sample_index_5561,unsat,21,10,21,153,5000
deep_6_ipq_parsed_delta_0.2_sample_index_5564,unsat,3,0,3,91,7
deep_6_ipq_parsed_delta_0.2_sample_index_5565,unsat,0,0,0,0,0
deep_6_ipq_parsed_delta_0.2_sample_index_5566,unsat,5,2,4,92,4
deep_6_ipq_parsed_delta_0.2_sample_index_5567,unsat,0,0,0,74,0
deep_6_ipq_parsed_delta_0.2_sample_index_5568,unsat,2,0,2,74,2
deep_6_ipq_parsed_delta_0.2_sample_index_5569,sat,9,4,9,155,1621
deep_6_ipq_parsed_delta_0.2_sample_index_5570,unsat,7,4,7,113,15
deep_6_ipq_parsed_delta_0.2_sample_index_5571,unsat,0,0,0,0,0
deep_6_ipq_parsed_delta_0.2_sample_index_5572,unsat,2,0,2,69,2
deep_6_ipq_parsed_delta_0.2_sample_index_5573,unsat,0,0,0,0,0
deep_6_ipq_parsed_delta_0.2_sample_index_5574,unsat,2,0,2,77,207
deep_6_ipq_parsed_delta_0.2_sample_index_5575,unsat,5,1,5,152,5000
deep_6_ipq_parsed_delta_0.2_sample_index_5576,unsat,2,1,2,69,2
deep_6_ipq_parsed_delta_0.3_sample_index_3036,unsat,22,26,22,176,5000
deep_6_ipq_parsed_delta_0.3_sample_index_3037,unsat,3,0,3,108,3
deep_6_ipq_parsed_delta_0.3_sample_index_3039,unsat,14,8,17,192,5000
deep_6_ipq_parsed_delta_0.3_sample_index_3041,unsat,20,15,20,164,5000
deep_6_ipq_parsed_delta_0.3_sample_index_3042,unsat,0,0,0,76,0
deep_6_ipq_parsed_delta_0.3_sample_index_3043,unsat,0,0,0,79,0
deep_6_ipq_parsed_delta_0.3_sample_index_3044,unsat,2,0,2,73,4
deep_6_ipq_parsed_delta_0.3_sample_index_3045,sat,75,54,74,275,5000
deep_6_ipq_parsed_delta_0.3_sample_index_3046,unsat,18,12,18,188,5000
deep_6_ipq_parsed_delta_0.3_sample_index_3047,unsat,0,0,0,73,0
deep_6_ipq_parsed_delta_0.3_sample_index_3048,unsat,0,0,0,0,0
deep_6_ipq_parsed_delta_0.3_sample_index_3049,unsat,5,1,5,145,5000
deep_6_ipq_parsed_delta_0.3_sample_index_3050,unsat,15,10,14,150,17
deep_6_ipq_parsed_delta_0.3_sample_index_3051,unsat,7,3,7,140,5000
deep_6_ipq_parsed_delta_0.3_sample_index_3052,unsat,0,0,0,0,0
deep_6_ipq_parsed_delta_0.3_sample_index_3053,unsat,4,3,4,105,7
deep_6_ipq_parsed_delta_0.3_sample_index_3055,unsat,35,29,37,202,5000
deep_6_ipq_parsed_delta_0.3_sample_index_3056,unsat,47,42,74,196,5000
deep_6_ipq_parsed_delta_0.3_sample_index_3057,unsat,5,1,5,142,5
deep_6_ipq_parsed_delta_0.3_sample_index_3058,unsat,3,0,3,94,5
deep_6_ipq_parsed_delta_0.3_sample_index_3059,sat,9,1,9,231,5000
deep_6_ipq_parsed_delta_0.3_sample_index_3061,sat,8,3,8,166,2563
deep_6_ipq_parsed_delta_0.3_sample_index_3063,unsat,14,9,14,149,5000
deep_6_ipq_parsed_delta_0.3_sample_index_3064,unsat,34,16,37,207,5000
deep_6_ipq_parsed_delta_0.3_sample_index_3066,unsat,258,433,304,274,5000
deep_6_ipq_parsed_delta_0.3_sample_index_3067,unsat,16,11,25,171,5000
deep_6_ipq_parsed_delta_0.3_sample_index_3068,unsat,0,0,0,0,0
deep_6_ipq_parsed_delta_0.3_sample_index_3070,unsat,8,3,8,150,8
deep_6_ipq_parsed_delta_0.3_sample_index_3071,unsat,0,0,0,0,0
deep_6_ipq_parsed_delta_0.3_sample_index_3072,unsat,5,1,5,122,7
deep_6_ipq_parsed_delta_0.3_sample_index_3074,unsat,6,2,5,130,194
deep_6_ipq_parsed_delta_0.3_sample_index_3075,unsat,79,82,107,241,5000
deep_6_ipq_parsed_delta_0.3_sample_index_3076,unsat,4,0,4,126,953
deep_6_ipq_parsed_delta_0.3_sample_index_3077,unsat,70,64,58,256,5000
deep_6_ipq_parsed_delta_0.3_sample_index_3079,unsat,0,0,0,0,0
deep_6_ipq_parsed_delta_0.3_sample_index_3080,unsat,8,4,7,133,981
deep_6_ipq_parsed_delta_0.3_sample_index_3081,unsat,0,0,0,0,0
deep_6_ipq_parsed_delta_0.3_sample_index_3082,unsat,0,0,0,0,0
deep_6_ipq_parsed_delta_0.3_sample_index_3083,unsat,0,0,0,0,0
deep_6_ipq_parsed_delta_0.3_sample_index_3084,sat,32,25,103,256,5000
deep_6_ipq_parsed_delta_0.3_sample_index_3085,unsat,5,1,5,129,38
deep_6_ipq_parsed_delta_0.3_sample_index_3086,unsat,25,29,25,185,5000
deep_6_ipq_parsed_delta_0.3_sample_index_3087,unsat,2,3,2,81,2
deep_6_ipq_parsed_delta_0.3_sample_index_3088,unsat,17,12,19,197,5000
deep_6_ipq_parsed_delta_0.3_sample_index_3089,unsat,12,7,10,166,5000
deep_6_ipq_parsed_delta_0.3_sample_index_3090,unsat,3,1,3,97,4
deep_6_ipq_parsed_delta_0.3_sample_index_3091,unsat,7,6,6,147,5000
deep_6_ipq_parsed_delta_0.3_sample_index_3092,unsat,34,28,28,212,5000
deep_6_ipq_parsed_delta_0.3_sample_index_3093,unsat,11,6,14,149,5000
deep_6_ipq_parsed_delta_0.3_sample_index_3094,unsat,6,3,5,102,6
deep_6_ipq_parsed_delta_0.5_sample_index_5705,unsat,42,354,46,241,5000
deep_6_ipq_parsed_delta_0.5_sample_index_5706,unsat,39,32,34,243,5000
deep_6_ipq_parsed_delta_0.5_sample_index_5708,unsat,3,0,3,107,3
deep_6_ipq_parsed_delta_0.5_sample_index_5709,sat,386,255,248,1189,5000
deep_6_ipq_parsed_delta_0.5_sample_index_5710,sat,114,52,106,324,5000
deep_6_ipq_parsed_delta_0.5_sample_index_5711,unsat,0,0,0,72,0
deep_6_ipq_parsed_delta_0.5_sample_index_5712,unsat,43,36,66,232,5000
deep_6_ipq_parsed_delta_0.5_sample_index_5713,unsat,5000,3689,3989,3292,5000
deep_6_ipq_parsed_delta_0.5_sample_index_5715,unsat,19,11,18,185,5000
deep_6_ipq_parsed_delta_0.5_sample_index_5716,unsat,3,1,3,102,3
deep_6_ipq_parsed_delta_0.5_sample_index_5717,unsat,29,22,29,201,5000
deep_6_ipq_parsed_delta_0.5_sample_index_5718,sat,30,24,44,201,5000
deep_6_ipq_parsed_delta_0.5_sample_index_5720,sat,67,51,59,254,5000
deep_6_ipq_parsed_delta_0.5_sample_index_5721,unsat,25,18,27,227,5000
deep_6_ipq_parsed_delta_0.5_sample_index_5722,unsat,29,26,30,221,5000
deep_6_ipq_parsed_delta_0.5_sample_index_5723,unsat,2,1,2,106,3
deep_6_ipq_parsed_delta_0.5_sample_index_5724,unsat,111,107,109,302,5000
deep_6_ipq_parsed_delta_0.5_sample_index_5725,unsat,24,19,32,179,5000
deep_6_ipq_parsed_delta_0.5_sample_index_5726,sat,27,24,30,240,5000
deep_6_ipq_parsed_delta_0.5_sample_index_5727,unsat,16,10,19,169,5000
deep_6_ipq_parsed_delta_0.5_sample_index_5728,sat,8,1,8,204,5000
deep_6_ipq_parsed_delta_0.5_sample_index_5729,unsat,29,35,25,215,5000
deep_6_ipq_parsed_delta_0.5_sample_index_5730,sat,172,180,1345,404,5000
deep_6_ipq_parsed_delta_0.5_sample_index_5731,unsat,38,32,42,226,5000
deep_6_ipq_parsed_delta_0.5_sample_index_5732,unsat,4585,5000,5000,2929,5000
deep_6_ipq_parsed_delta_0.5_sample_index_5733,unsat,0,0,0,0,0
deep_6_ipq_parsed_delta_0.5_sample_index_5738,unsat,283,338,429,331,5000
deep_6_ipq_parsed_delta_0.5_sample_index_5739,unsat,0,0,0,0,0
deep_6_ipq_parsed_delta_0.5_sample_index_5740,unsat,59,49,78,297,5000
deep_6_ipq_parsed_delta_0.5_sample_index_5741,unsat,10,7,12,173,5000
deep_6_ipq_parsed_delta_0.5_sample_index_5742,unsat,36,31,36,218,5000
deep_6_ipq_parsed_delta_0.5_sample_index_5743,unsat,12,7,13,177,5000
deep_6_ipq_parsed_delta_0.5_sample_index_5744,unsat,53,40,64,252,5000
deep_6_ipq_parsed_delta_0.5_sample_index_5745,sat,8,1,8,236,5000
deep_6_ipq_parsed_delta_0.5_sample_index_5747,unsat,28,23,33,206,5000
deep_6_ipq_parsed_delta_0.5_sample_index_5748,unsat,24,17,24,206,5000
deep_6_ipq_parsed_delta_0.5_sample_index_5750,unsat,0,0,0,67,0
deep_6_ipq_parsed_delta_0.5_sample_index_5751,unsat,4,0,4,132,7
deep_6_ipq_parsed_delta_0.5_sample_index_5753,unsat,12,4,12,160,5000
deep_6_ipq_parsed_delta_0.5_sample_index_5754,unsat,25,18,27,200,5000
deep_6_ipq_parsed_delta_0.5_sample_index_5756,unsat,33,23,42,213,5000
deep_6_ipq_parsed_delta_0.5_sample_index_5757,sat,16,8,36,210,5000
deep_6_ipq_parsed_delta_0.5_sample_index_5758,unsat,7,7,7,141,7
deep_6_ipq_parsed_delta_0.5_sample_index_5759,unsat,223,125,88,270,5000
deep_6_ipq_parsed_delta_0.5_sample_index_5760,unsat,17,11,18,176,5000
deep_6_ipq_parsed_delta_0.5_sample_index_5761,sat,20,13,20,178,5000
deep_6_ipq_parsed_delta_0.5_sample_index_5762,unsat,63,42,50,253,5000
deep_6_ipq_parsed_delta_0.5_sample_index_5763,unsat,11,1,12,157,5000
deep_6_ipq_parsed_delta_0.5_sample_index_5764,unsat,21,13,21,190,5000
deep_6_ipq_parsed_delta_0.5_sample_index_5765,unsat,7,2,10,152,198
deep_6_ipq_parsed_delta_1.0_sample_index_7034,unsat,30,20,24,233,5000
deep_6_ipq_parsed_delta_1.0_sample_index_7035,sat,43,61,20,374,5000
deep_6_ipq_parsed_delta_1.0_sample_index_7036,unsat,42,40,38,287,5000
deep_6_ipq_parsed_delta_1.0_sample_index_7037,unsat,2036,1500,3474,1059,5000
deep_6_ipq_parsed_delta_1.0_sample_index_7038,unsat,52,46,54,283,5000
deep_6_ipq_parsed_delta_1.0_sample_index_7039,unsat,227,188,201,339,5000
deep_6_ipq_parsed_delta_1.0_sample_index_7040,sat,15,211,26,416,5000
deep_6_ipq_parsed_delta_1.0_sample_index_7042,unsat,851,1221,933,867,5000
deep_6_ipq_parsed_delta_1.0_sample_index_7043,sat,77,106,49,5000,5000
deep_6_ipq_parsed_delta_1.0_sample_index_7044,sat,5000,5000,27,5000,5000
deep_6_ipq_parsed_delta_1.0_sample_index_7045,UNKNOWN,5000,5000,5000,5000,5000
deep_6_ipq_parsed_delta_1.0_sample_index_7046,sat,105,102,96,324,5000
deep_6_ipq_parsed_delta_1.0_sample_index_7047,sat,820,462,98,1175,5000
deep_6_ipq_parsed_delta_1.0_sample_index_7048,UNKNOWN,5000,5000,5000,5000,5000
deep_6_ipq_parsed_delta_1.0_sample_index_7050,unsat,219,543,601,454,5000
deep_6_ipq_parsed_delta_1.0_sample_index_7051,sat,3812,55,20,5000,5000
deep_6_ipq_parsed_delta_1.0_sample_index_7052,unsat,23,16,25,259,5000
deep_6_ipq_parsed_delta_1.0_sample_index_7053,sat,587,131,392,5000,5000
deep_6_ipq_parsed_delta_1.0_sample_index_7054,unsat,42,147,43,241,5000
deep_6_ipq_parsed_delta_1.0_sample_index_7055,unsat,801,722,1002,2390,5000
deep_6_ipq_parsed_delta_1.0_sample_index_7056,unsat,595,474,496,439,5000
deep_6_ipq_parsed_delta_1.0_sample_index_7057,unsat,6,1,6,166,6
deep_6_ipq_parsed_delta_1.0_sample_index_7058,unsat,848,827,776,737,5000
deep_6_ipq_parsed_delta_1.0_sample_index_7059,unsat,2154,916,1161,468,5000
deep_6_ipq_parsed_delta_1.0_sample_index_7060,unsat,3146,5000,3679,5000,5000
deep_6_ipq_parsed_delta_1.0_sample_index_7061,sat,5000,550,782,5000,5000
deep_6_ipq_parsed_delta_1.0_sample_index_7062,unsat,73,79,91,361,5000
deep_6_ipq_parsed_delta_1.0_sample_index_7063,UNKNOWN,5000,5000,5000,5000,5000
deep_6_ipq_parsed_delta_1.0_sample_index_7064,unsat,33,26,37,244,5000
deep_6_ipq_parsed_delta_1.0_sample_index_7065,UNKNOWN,5000,5000,5000,5000,5000
deep_6_ipq_parsed_delta_1.0_sample_index_7066,unsat,26,20,27,210,5000
deep_6_ipq_parsed_delta_1.0_sample_index_7067,unsat,6,3,6,130,8
deep_6_ipq_parsed_delta_1.0_sample_index_7068,sat,13,83,13,352,1432
deep_6_ipq_parsed_delta_1.0_sample_index_7069,unsat,1241,1170,1034,5000,5000
deep_6_ipq_parsed_delta_1.0_sample_index_7070,sat,25,11,19,219,1278
deep_6_ipq_parsed_delta_1.0_sample_index_7071,sat,5000,693,157,5000,1901
deep_6_ipq_parsed_delta_1.0_sample_index_7072,unsat,18,15,19,213,5000
deep_6_ipq_parsed_delta_1.0_sample_index_7073,UNKNOWN,5000,5000,5000,5000,5000
deep_6_ipq_parsed_delta_1.0_sample_index_7074,UNKNOWN,5000,5000,5000,5000,5000
deep_6_ipq_parsed_delta_1.0_sample_index_7075,unsat,47,59,64,274,5000
deep_6_ipq_parsed_delta_1.0_sample_index_7076,unsat,47,40,62,238,5000
deep_6_ipq_parsed_delta_1.0_sample_index_7077,unsat,167,151,215,413,5000
deep_6_ipq_parsed_delta_1.0_sample_index_7078,unsat,113,95,254,296,5000
deep_6_ipq_parsed_delta_1.0_sample_index_7079,unsat,4633,4155,5000,5000,5000
deep_6_ipq_parsed_delta_1.0_sample_index_7080,unsat,3819,3689,4637,3258,5000
deep_6_ipq_parsed_delta_1.0_sample_index_7081,sat,20,11,20,5000,5000
deep_6_ipq_parsed_delta_1.0_sample_index_7082,sat,16,9,17,228,4241
deep_6_ipq_parsed_delta_1.0_sample_index_7083,UNKNOWN,5000,5000,5000,5000,5000
deep_6_ipq_parsed_delta_1.0_sample_index_7084,UNKNOWN,5000,5000,5000,5000,5000
deep_6_ipq_parsed_delta_1.0_sample_index_7085,UNKNOWN,5000,5000,5000,5000,5000
deep_6_ipq_parsed_delta_10.0_sample_index_1036,sat,264,994,29,311,5000
deep_6_ipq_parsed_delta_10.0_sample_index_1037,sat,63,271,129,298,2318
deep_6_ipq_parsed_delta_10.0_sample_index_1038,sat,210,120,112,581,5000
deep_6_ipq_parsed_delta_10.0_sample_index_1040,sat,77,7,28,290,2436
deep_6_ipq_parsed_delta_10.0_sample_index_1041,sat,85,340,36,294,2233
deep_6_ipq_parsed_delta_10.0_sample_index_1042,sat,450,719,142,5000,5000
deep_6_ipq_parsed_delta_10.0_sample_index_1043,sat,29,28,22,291,5000
deep_6_ipq_parsed_delta_10.0_sample_index_1044,sat,11,1,11,296,15
deep_6_ipq_parsed_delta_10.0_sample_index_1045,sat,98,17,37,1753,2089
deep_6_ipq_parsed_delta_10.0_sample_index_1046,sat,11,0,10,295,15
deep_6_ipq_parsed_delta_10.0_sample_index_1047,sat,50,131,99,292,5000
deep_6_ipq_parsed_delta_10.0_sample_index_1048,sat,11,0,10,291,5000
deep_6_ipq_parsed_delta_10.0_sample_index_1049,sat,1424,197,29,428,5000
deep_6_ipq_parsed_delta_10.0_sample_index_1051,sat,34,88,43,331,5000
deep_6_ipq_parsed_delta_10.0_sample_index_1052,sat,28,18,20,291,3251
deep_6_ipq_parsed_delta_10.0_sample_index_1053,sat,666,402,185,350,5000
deep_6_ipq_parsed_delta_10.0_sample_index_1054,sat,25,109,38,323,5000
deep_6_ipq_parsed_delta_10.0_sample_index_1055,sat,11,1,11,5000,15
deep_6_ipq_parsed_delta_10.0_sample_index_1056,sat,349,135,42,313,5000
deep_6_ipq_parsed_delta_10.0_sample_index_1057,sat,602,444,74,297,5000
deep_6_ipq_parsed_delta_10.0_sample_index_1058,sat,19,43,36,293,5000
deep_6_ipq_parsed_delta_10.0_sample_index_1059,sat,40,30,39,295,5000
deep_6_ipq_parsed_delta_10.0_sample_index_1060,sat,39,37,16,288,1498
deep_6_ipq_parsed_delta_10.0_sample_index_1061,sat,51,168,61,301,5000
deep_6_ipq_parsed_delta_10.0_sample_index_1063,sat,22,17,19,661,3501
deep_6_ipq_parsed_delta_10.0_sample_index_1064,sat,1266,4141,30,297,5000
deep_6_ipq_parsed_delta_10.0_sample_index_1065,sat,132,214,50,318,5000
deep_6_ipq_parsed_delta_10.0_sample_index_1066,sat,55,45,61,608,5000
deep_6_ipq_parsed_delta_10.0_sample_index_1067,sat,128,138,83,4670,5000
deep_6_ipq_parsed_delta_10.0_sample_index_1069,sat,29,20,120,5000,5000
deep_6_ipq_parsed_delta_10.0_sample_index_1070,sat,11,1,11,293,5000
deep_6_ipq_parsed_delta_10.0_sample_index_1072,sat,66,21,51,1911,5000
deep_6_ipq_parsed_delta_10.0_sample_index_1073,sat,11,1,11,284,5000
deep_6_ipq_parsed_delta_10.0_sample_index_1074,sat,62,45,36,308,2447
deep_6_ipq_parsed_delta_10.0_sample_index_1075,sat,34,32,36,294,5000
deep_6_ipq_parsed_delta_10.0_sample_index_1076,sat,811,933,29,308,5000
deep_6_ipq_parsed_delta_10.0_sample_index_1077,sat,64,46,29,295,5000
deep_6_ipq_parsed_delta_10.0_sample_index_1078,sat,60,34,28,294,1298
deep_6_ipq_parsed_delta_10.0_sample_index_1079,sat,11,1,11,1091,2200
deep_6_ipq_parsed_delta_10.0_sample_index_1080,sat,49,17,41,289,5000
deep_6_ipq_parsed_delta_10.0_sample_index_1081,sat,28,35,27,298,4559
deep_6_ipq_parsed_delta_10.0_sample_index_1082,sat,43,33,18,294,1528
deep_6_ipq_parsed_delta_10.0_sample_index_1083,sat,17,7,17,389,5000
deep_6_ipq_parsed_delta_10.0_sample_index_1084,sat,34,24,44,319,5000
deep_6_ipq_parsed_delta_10.0_sample_index_1085,sat,11,1,11,499,5000
deep_6_ipq_parsed_delta_10.0_sample_index_1086,sat,38,99,28,294,1553
deep_6_ipq_parsed_delta_10.0_sample_index_1087,sat,18,45,18,303,5000
deep_6_ipq_parsed_delta_10.0_sample_index_1088,sat,40,21,41,298,5000
deep_6_ipq_parsed_delta_10.0_sample_index_1090,sat,22,12,22,295,5000
deep_6_ipq_parsed_delta_10.0_sample_index_1091,sat,11,0,11,286,5000
deep_6_ipq_parsed_delta_15.0_sample_index_8701,sat,122,5000,392,1907,4624
deep_6_ipq_parsed_delta_15.0_sample_index_8702,sat,11,1,11,301,15
deep_6_ipq_parsed_delta_15.0_sample_index_8703,sat,1063,900,275,5000,4557
deep_6_ipq_parsed_delta_15.0_sample_index_8704,sat,295,285,20,437,5000
deep_6_ipq_parsed_delta_15.0_sample_index_8705,sat,27,117,20,314,5000
deep_6_ipq_parsed_delta_15.0_sample_index_8706,sat,101,388,203,5000,5000
deep_6_ipq_parsed_delta_15.0_sample_index_8707,sat,67,73,166,326,5000
deep_6_ipq_parsed_delta_15.0_sample_index_8708,sat,98,88,28,316,5000
deep_6_ipq_parsed_delta_15.0_sample_index_8709,sat,27,19,36,308,5000
deep_6_ipq_parsed_delta_15.0_sample_index_8710,sat,11,1,11,294,15
deep_6_ipq_parsed_delta_15.0_sample_index_8711,sat,11,1,11,315,5000
deep_6_ipq_parsed_delta_15.0_sample_index_8712,sat,121,89,92,331,5000
deep_6_ipq_parsed_delta_15.0_sample_index_8713,sat,251,297,81,1161,5000
deep_6_ipq_parsed_delta_15.0_sample_index_8714,sat,236,556,19,326,5000
deep_6_ipq_parsed_delta_15.0_sample_index_8715,sat,94,53,20,352,5000
deep_6_ipq_parsed_delta_15.0_sample_index_8716,sat,388,325,273,5000,5000
deep_6_ipq_parsed_delta_15.0_sample_index_8717,sat,76,71,36,404,5000
deep_6_ipq_parsed_delta_15.0_sample_index_8718,sat,11,1,11,5000,5000
deep_6_ipq_parsed_delta_15.0_sample_index_8719,sat,570,1151,140,332,5000
deep_6_ipq_parsed_delta_15.0_sample_index_8720,sat,88,77,45,306,5000
deep_6_ipq_parsed_delta_15.0_sample_index_8721,sat,858,2896,30,300,5000
deep_6_ipq_parsed_delta_15.0_sample_index_8722,sat,25,15,20,302,1828
deep_6_ipq_parsed_delta_15.0_sample_index_8723,sat,181,149,60,298,1320
deep_6_ipq_parsed_delta_15.0_sample_index_8724,sat,88,191,36,303,5000
deep_6_ipq_parsed_delta_15.0_sample_index_8725,sat,38,29,38,298,5000
deep_6_ipq_parsed_delta_15.0_sample_index_8726,sat,22,19,36,297,5000
deep_6_ipq_parsed_delta_15.0_sample_index_8727,sat,10,0,10,296,14
deep_6_ipq_parsed_delta_15.0_sample_index_8728,sat,101,75,46,302,1300
deep_6_ipq_parsed_delta_15.0_sample_index_8729,sat,251,90,37,298,5000
deep_6_ipq_parsed_delta_15.0_sample_index_8730,sat,11,2,11,310,5000
deep_6_ipq_parsed_delta_15.0_sample_index_8731,sat,11,1,10,340,5000
deep_6_ipq_parsed_delta_15.0_sample_index_8732,sat,11,1,11,321,5000
deep_6_ipq_parsed_delta_15.0_sample_index_8734,sat,11,1,11,4330,15
deep_6_ipq_parsed_delta_15.0_sample_index_8735,sat,36,6,16,305,241
deep_6_ipq_parsed_delta_15.0_sample_index_8737,sat,34,33,45,295,4672
deep_6_ipq_parsed_delta_15.0_sample_index_8738,sat,10,0,11,304,15
deep_6_ipq_parsed_delta_15.0_sample_index_8739,sat,11,1,10,364,5000
deep_6_ipq_parsed_delta_15.0_sample_index_8740,sat,314,43,48,672,5000
deep_6_ipq_parsed_delta_15.0_sample_index_8741,sat,35,42,71,306,1664
deep_6_ipq_parsed_delta_15.0_sample_index_8743,sat,45,35,37,298,5000
deep_6_ipq_parsed_delta_15.0_sample_index_8744,sat,11,1,10,653,5000
deep_6_ipq_parsed_delta_15.0_sample_index_8745,sat,43,51,54,2906,4189
deep_6_ipq_parsed_delta_15.0_sample_index_8746,sat,167,190,47,414,5000
deep_6_ipq_parsed_delta_15.0_sample_index_8747,sat,28,7,24,296,5000
deep_6_ipq_parsed_delta_15.0_sample_index_8748,sat,11,1,11,343,15
deep_6_ipq_parsed_delta_15.0_sample_index_8749,sat,17,7,17,298,5000
deep_6_ipq_parsed_delta_15.0_sample_index_8750,sat,78,91,28,515,1312
deep_6_ipq_parsed_delta_15.0_sample_index_8751,sat,44,34,19,491,2506
deep_6_ipq_parsed_delta_15.0_sample_index_8752,sat,12,1,10,793,5000
deep_6_ipq_parsed_delta_15.0_sample_index_8753,sat,241,104,37,524,5000
deep_6_ipq_parsed_delta_3.0_sample_index_7816,UNKNOWN,5000,5000,5000,5000,5000
deep_6_ipq_parsed_delta_3.0_sample_index_7817,UNKNOWN,5000,5000,5000,5000,5000
deep_6_ipq_parsed_delta_3.0_sample_index_7818,sat,506,5000,263,5000,5000
deep_6_ipq_parsed_delta_3.0_sample_index_7819,UNKNOWN,5000,5000,5000,5000,5000
deep_6_ipq_parsed_delta_3.0_sample_index_7820,UNKNOWN,5000,5000,5000,5000,5000
deep_6_ipq_parsed_delta_3.0_sample_index_7823,sat,34,25,64,254,5000
deep_6_ipq_parsed_delta_3.0_sample_index_7824,UNKNOWN,5000,5000,5000,5000,5000
deep_6_ipq_parsed_delta_3.0_sample_index_7825,sat,5000,1153,5000,5000,5000
deep_6_ipq_parsed_delta_3.0_sample_index_7826,sat,45,27,29,254,5000
deep_6_ipq_parsed_delta_3.0_sample_index_7827,sat,242,248,53,348,5000
deep_6_ipq_parsed_delta_3.0_sample_index_7829,sat,5000,120,418,5000,5000
deep_6_ipq_parsed_delta_3.0_sample_index_7830,UNKNOWN,5000,5000,5000,5000,5000
deep_6_ipq_parsed_delta_3.0_sample_index_7831,UNKNOWN,5000,5000,5000,5000,5000
deep_6_ipq_parsed_delta_3.0_sample_index_7832,sat,81,50,89,263,5000
deep_6_ipq_parsed_delta_3.0_sample_index_7833,sat,5000,5000,511,5000,5000
deep_6_ipq_parsed_delta_3.0_sample_index_7834,sat,5000,5000,931,5000,5000
deep_6_ipq_parsed_delta_3.0_sample_index_7835,UNKNOWN,5000,5000,5000,5000,5000
deep_6_ipq_parsed_delta_3.0_sample_index_7836,sat,5000,597,366,5000,5000
deep_6_ipq_parsed_delta_3.0_sample_index_7837,sat,77,15,115,315,5000
deep_6_ipq_parsed_delta_3.0_sample_index_7838,UNKNOWN,5000,5000,5000,5000,5000
deep_6_ipq_parsed_delta_3.0_sample_index_7840,UNKNOWN,5000,5000,5000,5000,5000
deep_6_ipq_parsed_delta_3.0_sample_index_7841,sat,19,654,63,5000,5000
deep_6_ipq_parsed_delta_3.0_sample_index_7842,sat,13,4,13,256,5000
deep_6_ipq_parsed_delta_3.0_sample_index_7843,sat,705,612,5000,5000,5000
deep_6_ipq_parsed_delta_3.0_sample_index_7845,UNKNOWN,5000,5000,5000,5000,5000
deep_6_ipq_parsed_delta_3.0_sample_index_7846,UNKNOWN,5000,5000,5000,5000,5000
deep_6_ipq_parsed_delta_3.0_sample_index_7848,UNKNOWN,5000,5000,5000,5000,5000
deep_6_ipq_parsed_delta_3.0_sample_index_7849,sat,393,5000,67,312,5000
deep_6_ipq_parsed_delta_3.0_sample_index_7850,sat,13,4,13,263,5000
deep_6_ipq_parsed_delta_3.0_sample_index_7851,sat,26,25,26,257,5000
deep_6_ipq_parsed_delta_3.0_sample_index_7852,UNKNOWN,5000,5000,5000,5000,5000
deep_6_ipq_parsed_delta_3.0_sample_index_7853,sat,63,54,58,267,1699
deep_6_ipq_parsed_delta_3.0_sample_index_7854,sat,14,5,14,591,5000
deep_6_ipq_parsed_delta_3.0_sample_index_7855,UNKNOWN,5000,5000,5000,5000,5000
deep_6_ipq_parsed_delta_3.0_sample_index_7856,sat,10,1,10,264,5000
deep_6_ipq_parsed_delta_3.0_sample_index_7858,sat,102,360,81,5000,5000
deep_6_ipq_parsed_delta_3.0_sample_index_7860,sat,28,44,21,248,5000
deep_6_ipq_parsed_delta_3.0_sample_index_7861,sat,26,34,20,274,5000
deep_6_ipq_parsed_delta_3.0_sample_index_7862,sat,38,20,69,273,5000
deep_6_ipq_parsed_delta_3.0_sample_index_7863,sat,25,15,43,683,5000
deep_6_ipq_parsed_delta_3.0_sample_index_7864,sat,106,73,38,270,5000
deep_6_ipq_parsed_delta_3.0_sample_index_7865,sat,12,2,11,284,5000
deep_6_ipq_parsed_delta_3.0_sample_index_7866,UNKNOWN,5000,5000,5000,5000,5000
deep_6_ipq_parsed_delta_3.0_sample_index_7867,sat,17,10,17,958,5000
deep_6_ipq_parsed_delta_3.0_sample_index_7868,UNKNOWN,5000,5000,5000,5000,5000
deep_6_ipq_parsed_delta_3.0_sample_index_7869,sat,133,52,27,5000,5000
deep_6_ipq_parsed_delta_3.0_sample_index_7870,sat,10,1,10,397,2696
deep_6_ipq_parsed_delta_3.0_sample_index_7871,sat,5000,444,5000,5000,2907
deep_6_ipq_parsed_delta_3.0_sample_index_7872,sat,121,89,53,5000,5000
deep_6_ipq_parsed_delta_3.0_sample_index_7873,UNKNOWN,5000,5000,5000,5000,5000
deep_6_ipq_parsed_delta_5.0_sample_index_3237,sat,123,133,90,455,5000
deep_6_ipq_parsed_delta_5.0_sample_index_3238,sat,31,40,28,846,5000
deep_6_ipq_parsed_delta_5.0_sample_index_3241,sat,20,10,26,278,2075
deep_6_ipq_parsed_delta_5.0_sample_index_3242,sat,57,64,18,267,5000
deep_6_ipq_parsed_delta_5.0_sample_index_3243,sat,15,5,15,280,5000
deep_6_ipq_parsed_delta_5.0_sample_index_3244,sat,109,64,214,375,5000
deep_6_ipq_parsed_delta_5.0_sample_index_3245,sat,120,134,29,288,5000
deep_6_ipq_parsed_delta_5.0_sample_index_3246,sat,73,64,59,275,5000
deep_6_ipq_parsed_delta_5.0_sample_index_3247,sat,76,204,53,286,5000
deep_6_ipq_parsed_delta_5.0_sample_index_3248,sat,140,101,172,5000,5000
deep_6_ipq_parsed_delta_5.0_sample_index_3249,sat,18,7,37,281,5000
deep_6_ipq_parsed_delta_5.0_sample_index_3250,sat,29,25,29,276,5000
deep_6_ipq_parsed_delta_5.0_sample_index_3251,sat,1172,5000,1254,5000,5000
deep_6_ipq_parsed_delta_5.0_sample_index_3252,sat,44,33,44,280,5000
deep_6_ipq_parsed_delta_5.0_sample_index_3253,sat,63,53,52,364,5000
deep_6_ipq_parsed_delta_5.0_sample_index_3254,sat,18,8,18,5000,5000
deep_6_ipq_parsed_delta_5.0_sample_index_3255,sat,34,23,26,324,5000
deep_6_ipq_parsed_delta_5.0_sample_index_3256,sat,5000,5000,340,332,5000
deep_6_ipq_parsed_delta_5.0_sample_index_3257,sat,315,208,151,301,5000
deep_6_ipq_parsed_delta_5.0_sample_index_3258,sat,5000,5000,176,274,5000
deep_6_ipq_parsed_delta_5.0_sample_index_3259,sat,529,97,161,360,5000
deep_6_ipq_parsed_delta_5.0_sample_index_3260,sat,86,99,158,300,5000
deep_6_ipq_parsed_delta_5.0_sample_index_3261,sat,1504,66,480,383,5000
deep_6_ipq_parsed_delta_5.0_sample_index_3263,sat,10,1,10,281,4245
deep_6_ipq_parsed_delta_5.0_sample_index_3264,sat,98,65,31,277,5000
deep_6_ipq_parsed_delta_5.0_sample_index_3265,sat,5000,5000,650,5000,5000
deep_6_ipq_parsed_delta_5.0_sample_index_3266,sat,142,154,29,275,5000
deep_6_ipq_parsed_delta_5.0_sample_index_3267,sat,512,192,35,294,5000
deep_6_ipq_parsed_delta_5.0_sample_index_3268,sat,198,142,36,282,5000
deep_6_ipq_parsed_delta_5.0_sample_index_3269,sat,12,2,12,292,14
deep_6_ipq_parsed_delta_5.0_sample_index_3270,sat,2442,5000,5000,674,5000
deep_6_ipq_parsed_delta_5.0_sample_index_3271,sat,409,410,299,5000,5000
deep_6_ipq_parsed_delta_5.0_sample_index_3272,sat,53,43,47,290,5000
deep_6_ipq_parsed_delta_5.0_sample_index_3273,sat,1014,26,46,5000,5000
deep_6_ipq_parsed_delta_5.0_sample_index_3274,sat,5000,180,19,1526,5000
deep_6_ipq_parsed_delta_5.0_sample_index_3275,sat,14,5,14,293,15
deep_6_ipq_parsed_delta_5.0_sample_index_3276,sat,152,143,76,675,5000
deep_6_ipq_parsed_delta_5.0_sample_index_3277,sat,10,0,10,278,14
deep_6_ipq_parsed_delta_5.0_sample_index_3278,sat,807,264,58,289,5000
deep_6_ipq_parsed_delta_5.0_sample_index_3279,sat,290,99,40,302,5000
deep_6_ipq_parsed_delta_5.0_sample_index_3280,sat,67,46,278,279,5000
deep_6_ipq_parsed_delta_5.0_sample_index_3281,sat,44,104,76,276,5000
deep_6_ipq_parsed_delta_5.0_sample_index_3282,sat,29,34,37,280,5000
deep_6_ipq_parsed_delta_5.0_sample_index_3283,sat,441,429,50,1720,5000
deep_6_ipq_parsed_delta_5.0_sample_index_3284,sat,17,11,20,272,4555
deep_6_ipq_parsed_delta_5.0_sample_index_3285,sat,5000,567,168,5000,5000
deep_6_ipq_parsed_delta_5.0_sample_index_3286,sat,45,74,48,289,5000
deep_6_ipq_parsed_delta_5.0_sample_index_3287,sat,53,63,34,323,5000
deep_6_ipq_parsed_delta_5.0_sample_index_3289,sat,76,75,78,282,5000
deep_6_ipq_parsed_delta_5.0_sample_index_3290,sat,3968,757,5000,5000,5000
